{"bones":[{"name":"root"},{"name":"medal","parent":"root"},{"name":"star","parent":"root","x":15,"y":19.99},{"name":"star1","parent":"root","x":-14.99,"y":10},{"name":"star2","parent":"root","x":24,"y":-6},{"name":"star3","parent":"root","x":13,"y":-32.99},{"name":"star4","parent":"root","x":-19,"y":-16.99}],"slots":[{"name":"medal","bone":"medal","attachment":"medal"},{"name":"particle","bone":"star1","attachment":"particle"},{"name":"particle2","bone":"star","attachment":"particle"},{"name":"particle22","bone":"star2","attachment":"particle"},{"name":"particle222","bone":"star3","attachment":"particle"},{"name":"particle2222","bone":"star4","attachment":"particle"}],"skins":{"default":{"particle":{"particle":{"width":20,"height":20}},"particle2":{"particle":{"width":20,"height":20}},"particle22":{"particle":{"width":20,"height":20}},"particle222":{"particle":{"width":20,"height":20}},"particle2222":{"particle":{"width":20,"height":20}}},"black":{"medal":{"medal":{"name":"black","width":59,"height":59}}},"bronze":{"medal":{"medal":{"name":"bronze","width":59,"height":59}}},"gold":{"medal":{"medal":{"name":"gold","width":59,"height":59}}},"silver":{"medal":{"medal":{"name":"silver","width":59,"height":59}}},"white":{"medal":{"medal":{"name":"white","width":59,"height":59}}}},"animations":{"Apparition":{"bones":{"star":{"scale":[{"time":0,"x":0,"y":0,"curve":"stepped"},{"time":4.1333,"x":0,"y":0},{"time":4.4333,"x":1,"y":1},{"time":4.7666,"x":0,"y":0}]},"star1":{"scale":[{"time":0,"x":0,"y":0,"curve":"stepped"},{"time":1.5333,"x":0,"y":0},{"time":1.8333,"x":1,"y":1},{"time":2.1,"x":0,"y":0}]},"star4":{"scale":[{"time":0,"x":0,"y":0,"curve":"stepped"},{"time":0.6666,"x":0,"y":0},{"time":0.8333,"x":1,"y":1},{"time":1,"x":0,"y":0}]},"star3":{"scale":[{"time":0,"x":0,"y":0,"curve":"stepped"},{"time":2.2,"x":0,"y":0},{"time":2.4666,"x":1,"y":1},{"time":2.7,"x":0,"y":0}]},"star2":{"scale":[{"time":0,"x":0,"y":0,"curve":"stepped"},{"time":3,"x":0,"y":0},{"time":3.2333,"x":1,"y":1},{"time":3.5666,"x":0,"y":0}]}}}}}