{"bones":[{"name":"root"},{"name":"bone1","parent":"root"}],"slots":[{"name":"play","bone":"bone1","attachment":"image"}],"skins":{"gameover":{"play":{"image":{"name":"gameover","width":235,"height":49}}},"hard":{"play":{"image":{"name":"hard","scaleX":1.6,"scaleY":1.6,"width":80,"height":42}}},"highscore":{"play":{"image":{"name":"highscore","scaleX":1.6,"scaleY":1.6,"width":80,"height":42}}},"insane":{"play":{"image":{"name":"insane","scaleX":1.6,"scaleY":1.6,"width":90,"height":50}}},"insanebought":{"play":{"image":{"name":"insanebought","scaleX":1.6,"scaleY":1.6,"width":80,"height":42}}},"medium":{"play":{"image":{"name":"medium","scaleX":1.6,"scaleY":1.6,"width":80,"height":42}}},"menu":{"play":{"image":{"name":"menu","scaleX":1.6,"scaleY":1.6,"width":90,"height":50}}},"play":{"play":{"image":{"name":"play","scaleX":1.6,"scaleY":1.6,"width":80,"height":42}}},"volumeoff":{"play":{"image":{"name":"volumeoff","width":90,"height":50}}},"volumeon":{"play":{"image":{"name":"volumeon","width":90,"height":50}}}},"animations":{"Apparition":{"bones":{"bone1":{"scale":[{"time":0,"x":0,"y":0,"curve":[1,0,0.75,1]},{"time":0.3333,"x":1,"y":1}]}}},"Tap":{"bones":{"bone1":{"scale":[{"time":0,"x":1,"y":1,"curve":"stepped"},{"time":0.1,"x":0,"y":0,"curve":"stepped"},{"time":0.1333,"x":1,"y":1,"curve":"stepped"},{"time":0.2333,"x":0,"y":0,"curve":"stepped"},{"time":0.2666,"x":1,"y":1,"curve":"stepped"},{"time":0.3333,"x":0,"y":0,"curve":"stepped"},{"time":0.4,"x":1,"y":1,"curve":"stepped"},{"time":0.5,"x":0,"y":0}]}}}}}